Workbook

Sheet Bewerkingen
A1: Week | B1: Phi | C1: 2020 | D1: 2021 | E1: 2022 | F1: 2023 | G1: 2024 | H1: 2025 | J1: 2020 | K1: 2021 | L1: 2022 | M1: 2023 | N1: 2024 | O1: 2025
A2: 0 | B2: =AVERAGE(B3,B54) -> 1.0910062 | D2: =$B2/AVERAGE($B$2:$B$54) -> 1.0891361 | E2: =$B2/AVERAGE($B$2:$B$54) -> 1.0891361 | F2: =$B2/AVERAGE($B$2:$B$54) -> 1.0891361 | K2: 3 | L2: 2 | M2: 1 | R2: =D2/(SUMPRODUCT(D$2:D$55,K$2:K$55)/SUM(K$2:K$56)) -> 1.0906942 | S2: =E2/(SUMPRODUCT(E$2:E$55,L$2:L$55)/SUM(L$2:L$56)) -> 1.0907142 | T2: =F2/(SUMPRODUCT(F$2:F$55,M$2:M$55)/SUM(M$2:M$56)) -> 1.0907342
A3: 1 | B3: 1.0977173 | C3: =B3/AVERAGE($B$3:$B$55) -> 1.0958357 | D3: =$B3/AVERAGE($B$2:$B$54) -> 1.0958357 | E3: =$B3/AVERAGE($B$2:$B$54) -> 1.0958357 | F3: =$B3/AVERAGE($B$2:$B$54) -> 1.0958357 | G3: =$B3/AVERAGE($B$2:$B$54) -> 1.0958357 | H3: =$B3/AVERAGE($B$2:$B$54) -> 1.0958357 | J3: 5 | K3: 7 | L3: 7 | M3: 7 | N3: 7 | O3: 5 | Q3: =C3/(SUMPRODUCT(C$2:C$55,J$2:J$55)/SUM(J$2:J$56)) -> 1.0972119 | R3: =D3/(SUMPRODUCT(D$2:D$55,K$2:K$55)/SUM(K$2:K$56)) -> 1.0974033 | S3: =E3/(SUMPRODUCT(E$2:E$55,L$2:L$55)/SUM(L$2:L$56)) -> 1.0974235 | T3: =F3/(SUMPRODUCT(F$2:F$55,M$2:M$55)/SUM(M$2:M$56)) -> 1.0974437 | U3: =G3/(SUMPRODUCT(G$2:G$55,N$2:N$55)/SUM(N$2:N$56)) -> 1.0971717 | V3: =H3/(SUMPRODUCT(H$2:H$55,O$2:O$55)/SUM(O$2:O$56)) -> 1.097484
A4: 2 | B4: 1.1106576 | C4: =B4/AVERAGE($B$3:$B$55) -> 1.1087537 | D4: =$B4/AVERAGE($B$2:$B$54) -> 1.1087537 | E4: =$B4/AVERAGE($B$2:$B$54) -> 1.1087537 | F4: =$B4/AVERAGE($B$2:$B$54) -> 1.1087537 | G4: =$B4/AVERAGE($B$2:$B$54) -> 1.1087537 | H4: =$B4/AVERAGE($B$2:$B$54) -> 1.1087537 | J4: 7 | K4: 7 | L4: 7 | M4: 7 | N4: 7 | O4: 7 | Q4: =C4/(SUMPRODUCT(C$2:C$55,J$2:J$55)/SUM(J$2:J$56)) -> 1.1101462 | R4: =D4/(SUMPRODUCT(D$2:D$55,K$2:K$55)/SUM(K$2:K$56)) -> 1.1103399 | S4: =E4/(SUMPRODUCT(E$2:E$55,L$2:L$55)/SUM(L$2:L$56)) -> 1.1103603 | T4: =F4/(SUMPRODUCT(F$2:F$55,M$2:M$55)/SUM(M$2:M$56)) -> 1.1103807 | U4: =G4/(SUMPRODUCT(G$2:G$55,N$2:N$55)/SUM(N$2:N$56)) -> 1.1101055 | V4: =H4/(SUMPRODUCT(H$2:H$55,O$2:O$55)/SUM(O$2:O$56)) -> 1.1104216
A5: 3 | B5: 1.1220607 | C5: =B5/AVERAGE($B$3:$B$55) -> 1.1201373 | D5: =$B5/AVERAGE($B$2:$B$54) -> 1.1201373 | E5: =$B5/AVERAGE($B$2:$B$54) -> 1.1201373 | F5: =$B5/AVERAGE($B$2:$B$54) -> 1.1201373 | G5: =$B5/AVERAGE($B$2:$B$54) -> 1.1201373 | H5: =$B5/AVERAGE($B$2:$B$54) -> 1.1201373 | J5: 7 | K5: 7 | L5: 7 | M5: 7 | N5: 7 | O5: 7 | Q5: =C5/(SUMPRODUCT(C$2:C$55,J$2:J$55)/SUM(J$2:J$56)) -> 1.1215441 | R5: =D5/(SUMPRODUCT(D$2:D$55,K$2:K$55)/SUM(K$2:K$56)) -> 1.1217398 | S5: =E5/(SUMPRODUCT(E$2:E$55,L$2:L$55)/SUM(L$2:L$56)) -> 1.1217604 | T5: =F5/(SUMPRODUCT(F$2:F$55,M$2:M$55)/SUM(M$2:M$56)) -> 1.121781 | U5: =G5/(SUMPRODUCT(G$2:G$55,N$2:N$55)/SUM(N$2:N$56)) -> 1.121503 | V5: =H5/(SUMPRODUCT(H$2:H$55,O$2:O$55)/SUM(O$2:O$56)) -> 1.1218222
A6: 4 | B6: 1.1312866 | C6: =B6/AVERAGE($B$3:$B$55) -> 1.1293474 | D6: =$B6/AVERAGE($B$2:$B$54) -> 1.1293474 | E6: =$B6/AVERAGE($B$2:$B$54) -> 1.1293474 | F6: =$B6/AVERAGE($B$2:$B$54) -> 1.1293474 | G6: =$B6/AVERAGE($B$2:$B$54) -> 1.1293474 | H6: =$B6/AVERAGE($B$2:$B$54) -> 1.1293474 | J6: 7 | K6: 7 | L6: 7 | M6: 7 | N6: 7 | O6: 7 | Q6: =C6/(SUMPRODUCT(C$2:C$55,J$2:J$55)/SUM(J$2:J$56)) -> 1.1307658 | R6: =D6/(SUMPRODUCT(D$2:D$55,K$2:K$55)/SUM(K$2:K$56)) -> 1.1309631 | S6: =E6/(SUMPRODUCT(E$2:E$55,L$2:L$55)/SUM(L$2:L$56)) -> 1.1309838 | T6: =F6/(SUMPRODUCT(F$2:F$55,M$2:M$55)/SUM(M$2:M$56)) -> 1.1310046 | U6: =G6/(SUMPRODUCT(G$2:G$55,N$2:N$55)/SUM(N$2:N$56)) -> 1.1307243 | V6: =H6/(SUMPRODUCT(H$2:H$55,O$2:O$55)/SUM(O$2:O$56)) -> 1.1310462
A7: 5 | B7: 1.1378243 | C7: =B7/AVERAGE($B$3:$B$55) -> 1.1358739 | D7: =$B7/AVERAGE($B$2:$B$54) -> 1.1358739 | E7: =$B7/AVERAGE($B$2:$B$54) -> 1.1358739 | F7: =$B7/AVERAGE($B$2:$B$54) -> 1.1358739 | G7: =$B7/AVERAGE($B$2:$B$54) -> 1.1358739 | H7: =$B7/AVERAGE($B$2:$B$54) -> 1.1358739 | J7: 7 | K7: 7 | L7: 7 | M7: 7 | N7: 7 | O7: 7 | Q7: =C7/(SUMPRODUCT(C$2:C$55,J$2:J$55)/SUM(J$2:J$56)) -> 1.1373004 | R7: =D7/(SUMPRODUCT(D$2:D$55,K$2:K$55)/SUM(K$2:K$56)) -> 1.1374988 | S7: =E7/(SUMPRODUCT(E$2:E$55,L$2:L$55)/SUM(L$2:L$56)) -> 1.1375197 | T7: =F7/(SUMPRODUCT(F$2:F$55,M$2:M$55)/SUM(M$2:M$56)) -> 1.1375407 | U7: =G7/(SUMPRODUCT(G$2:G$55,N$2:N$55)/SUM(N$2:N$56)) -> 1.1372587 | V7: =H7/(SUMPRODUCT(H$2:H$55,O$2:O$55)/SUM(O$2:O$56)) -> 1.1375825
A8: 6 | B8: 1.1413093 | C8: =B8/AVERAGE($B$3:$B$55) -> 1.139353 | D8: =$B8/AVERAGE($B$2:$B$54) -> 1.139353 | E8: =$B8/AVERAGE($B$2:$B$54) -> 1.139353 | F8: =$B8/AVERAGE($B$2:$B$54) -> 1.139353 | G8: =$B8/AVERAGE($B$2:$B$54) -> 1.139353 | H8: =$B8/AVERAGE($B$2:$B$54) -> 1.139353 | J8: 7 | K8: 7 | L8: 7 | M8: 7 | N8: 7 | O8: 7 | Q8: =C8/(SUMPRODUCT(C$2:C$55,J$2:J$55)/SUM(J$2:J$56)) -> 1.1407839 | R8: =D8/(SUMPRODUCT(D$2:D$55,K$2:K$55)/SUM(K$2:K$56)) -> 1.1409829 | S8: =E8/(SUMPRODUCT(E$2:E$55,L$2:L$55)/SUM(L$2:L$56)) -> 1.1410039 | T8: =F8/(SUMPRODUCT(F$2:F$55,M$2:M$55)/SUM(M$2:M$56)) -> 1.1410248 | U8: =G8/(SUMPRODUCT(G$2:G$55,N$2:N$55)/SUM(N$2:N$56)) -> 1.140742 | V8: =H8/(SUMPRODUCT(H$2:H$55,O$2:O$55)/SUM(O$2:O$56)) -> 1.1410668
A9: 7 | B9: 1.1413068 | C9: =B9/AVERAGE($B$3:$B$55) -> 1.1393504 | D9: =$B9/AVERAGE($B$2:$B$54) -> 1.1393504 | E9: =$B9/AVERAGE($B$2:$B$54) -> 1.1393504 | F9: =$B9/AVERAGE($B$2:$B$54) -> 1.1393504 | G9: =$B9/AVERAGE($B$2:$B$54) -> 1.1393504 | H9: =$B9/AVERAGE($B$2:$B$54) -> 1.1393504 | J9: 7 | K9: 7 | L9: 7 | M9: 7 | N9: 7 | O9: 7 | Q9: =C9/(SUMPRODUCT(C$2:C$55,J$2:J$55)/SUM(J$2:J$56)) -> 1.1407813 | R9: =D9/(SUMPRODUCT(D$2:D$55,K$2:K$55)/SUM(K$2:K$56)) -> 1.1409804 | S9: =E9/(SUMPRODUCT(E$2:E$55,L$2:L$55)/SUM(L$2:L$56)) -> 1.1410013 | T9: =F9/(SUMPRODUCT(F$2:F$55,M$2:M$55)/SUM(M$2:M$56)) -> 1.1410223 | U9: =G9/(SUMPRODUCT(G$2:G$55,N$2:N$55)/SUM(N$2:N$56)) -> 1.1407395 | V9: =H9/(SUMPRODUCT(H$2:H$55,O$2:O$55)/SUM(O$2:O$56)) -> 1.1410643
A10: 8 | B10: 1.1370597 | C10: =B10/AVERAGE($B$3:$B$55) -> 1.1351106 | D10: =$B10/AVERAGE($B$2:$B$54) -> 1.1351106 | E10: =$B10/AVERAGE($B$2:$B$54) -> 1.1351106 | F10: =$B10/AVERAGE($B$2:$B$54) -> 1.1351106 | G10: =$B10/AVERAGE($B$2:$B$54) -> 1.1351106 | H10: =$B10/AVERAGE($B$2:$B$54) -> 1.1351106 | J10: 7 | K10: 7 | L10: 7 | M10: 7 | N10: 7 | O10: 7 | Q10: =C10/(SUMPRODUCT(C$2:C$55,J$2:J$55)/SUM(J$2:J$56)) -> 1.1365362 | R10: =D10/(SUMPRODUCT(D$2:D$55,K$2:K$55)/SUM(K$2:K$56)) -> 1.1367345 | S10: =E10/(SUMPRODUCT(E$2:E$55,L$2:L$55)/SUM(L$2:L$56)) -> 1.1367554 | T10: =F10/(SUMPRODUCT(F$2:F$55,M$2:M$55)/SUM(M$2:M$56)) -> 1.1367763 | U10: =G10/(SUMPRODUCT(G$2:G$55,N$2:N$55)/SUM(N$2:N$56)) -> 1.1364946 | V10: =H10/(SUMPRODUCT(H$2:H$55,O$2:O$55)/SUM(O$2:O$56)) -> 1.1368181
A11: 9 | B11: 1.1278368 | C11: =B11/AVERAGE($B$3:$B$55) -> 1.1259035 | D11: =$B11/AVERAGE($B$2:$B$54) -> 1.1259035 | E11: =$B11/AVERAGE($B$2:$B$54) -> 1.1259035 | F11: =$B11/AVERAGE($B$2:$B$54) -> 1.1259035 | G11: =$B11/AVERAGE($B$2:$B$54) -> 1.1259035 | H11: =$B11/AVERAGE($B$2:$B$54) -> 1.1259035 | J11: 7 | K11: 7 | L11: 7 | M11: 7 | N11: 7 | O11: 7 | Q11: =C11/(SUMPRODUCT(C$2:C$55,J$2:J$55)/SUM(J$2:J$56)) -> 1.1273175 | R11: =D11/(SUMPRODUCT(D$2:D$55,K$2:K$55)/SUM(K$2:K$56)) -> 1.1275142 | S11: =E11/(SUMPRODUCT(E$2:E$55,L$2:L$55)/SUM(L$2:L$56)) -> 1.1275349 | T11: =F11/(SUMPRODUCT(F$2:F$55,M$2:M$55)/SUM(M$2:M$56)) -> 1.1275557 | U11: =G11/(SUMPRODUCT(G$2:G$55,N$2:N$55)/SUM(N$2:N$56)) -> 1.1272762 | V11: =H11/(SUMPRODUCT(H$2:H$55,O$2:O$55)/SUM(O$2:O$56)) -> 1.1275971
A12: 10 | B12: 1.1136336 | C12: =B12/AVERAGE($B$3:$B$55) -> 1.1117247 | D12: =$B12/AVERAGE($B$2:$B$54) -> 1.1117247 | E12: =$B12/AVERAGE($B$2:$B$54) -> 1.1117247 | F12: =$B12/AVERAGE($B$2:$B$54) -> 1.1117247 | G12: =$B12/AVERAGE($B$2:$B$54) -> 1.1117247 | H12: =$B12/AVERAGE($B$2:$B$54) -> 1.1117247 | J12: 7 | K12: 7 | L12: 7 | M12: 7 | N12: 7 | O12: 7 | Q12: =C12/(SUMPRODUCT(C$2:C$55,J$2:J$55)/SUM(J$2:J$56)) -> 1.1131209 | R12: =D12/(SUMPRODUCT(D$2:D$55,K$2:K$55)/SUM(K$2:K$56)) -> 1.1133151 | S12: =E12/(SUMPRODUCT(E$2:E$55,L$2:L$55)/SUM(L$2:L$56)) -> 1.1133356 | T12: =F12/(SUMPRODUCT(F$2:F$55,M$2:M$55)/SUM(M$2:M$56)) -> 1.113356 | U12: =G12/(SUMPRODUCT(G$2:G$55,N$2:N$55)/SUM(N$2:N$56)) -> 1.1130801 | V12: =H12/(SUMPRODUCT(H$2:H$55,O$2:O$55)/SUM(O$2:O$56)) -> 1.113397
A13: 11 | B13: 1.0951146 | C13: =B13/AVERAGE($B$3:$B$55) -> 1.0932374 | D13: =$B13/AVERAGE($B$2:$B$54) -> 1.0932374 | E13: =$B13/AVERAGE($B$2:$B$54) -> 1.0932374 | F13: =$B13/AVERAGE($B$2:$B$54) -> 1.0932374 | G13: =$B13/AVERAGE($B$2:$B$54) -> 1.0932374 | H13: =$B13/AVERAGE($B$2:$B$54) -> 1.0932374 | J13: 7 | K13: 7 | L13: 7 | M13: 7 | N13: 7 | O13: 7 | Q13: =C13/(SUMPRODUCT(C$2:C$55,J$2:J$55)/SUM(J$2:J$56)) -> 1.0946104 | R13: =D13/(SUMPRODUCT(D$2:D$55,K$2:K$55)/SUM(K$2:K$56)) -> 1.0948014 | S13: =E13/(SUMPRODUCT(E$2:E$55,L$2:L$55)/SUM(L$2:L$56)) -> 1.0948215 | T13: =F13/(SUMPRODUCT(F$2:F$55,M$2:M$55)/SUM(M$2:M$56)) -> 1.0948416 | U13: =G13/(SUMPRODUCT(G$2:G$55,N$2:N$55)/SUM(N$2:N$56)) -> 1.0945703 | V13: =H13/(SUMPRODUCT(H$2:H$55,O$2:O$55)/SUM(O$2:O$56)) -> 1.0948819
A14: 12 | B14: 1.0737713 | C14: =B14/AVERAGE($B$3:$B$55) -> 1.0719307 | D14: =$B14/AVERAGE($B$2:$B$54) -> 1.0719307 | E14: =$B14/AVERAGE($B$2:$B$54) -> 1.0719307 | F14: =$B14/AVERAGE($B$2:$B$54) -> 1.0719307 | G14: =$B14/AVERAGE($B$2:$B$54) -> 1.0719307 | H14: =$B14/AVERAGE($B$2:$B$54) -> 1.0719307 | J14: 7 | K14: 7 | L14: 7 | M14: 7 | N14: 7 | O14: 7 | Q14: =C14/(SUMPRODUCT(C$2:C$55,J$2:J$55)/SUM(J$2:J$56)) -> 1.073277 | R14: =D14/(SUMPRODUCT(D$2:D$55,K$2:K$55)/SUM(K$2:K$56)) -> 1.0734642 | S14: =E14/(SUMPRODUCT(E$2:E$55,L$2:L$55)/SUM(L$2:L$56)) -> 1.0734839 | T14: =F14/(SUMPRODUCT(F$2:F$55,M$2:M$55)/SUM(M$2:M$56)) -> 1.0735037 | U14: =G14/(SUMPRODUCT(G$2:G$55,N$2:N$55)/SUM(N$2:N$56)) -> 1.0732376 | V14: =H14/(SUMPRODUCT(H$2:H$55,O$2:O$55)/SUM(O$2:O$56)) -> 1.0735431
... A54: 52 | B54: 1.0842951 | C54: =B54/AVERAGE($B$3:$B$55) -> 1.0824364 | D54: =$B54/AVERAGE($B$2:$B$54) -> 1.0824364 | E54: =$B54/AVERAGE($B$2:$B$54) -> 1.0824364 | F54: =$B54/AVERAGE($B$2:$B$54) -> 1.0824364 | G54: =$B54/AVERAGE($B$2:$B$54) -> 1.0824364 | H54: =$B54/AVERAGE($B$2:$B$54) -> 1.0824364 | J54: 7 | K54: 5 | L54: 6 | M54: 7 | N54: 7 | O54: 7 | Q54: =C54/(SUMPRODUCT(C$2:C$55,J$2:J$55)/SUM(J$2:J$56)) -> 1.0837959 | R54: =D54/(SUMPRODUCT(D$2:D$55,K$2:K$55)/SUM(K$2:K$56)) -> 1.083985 | S54: =E54/(SUMPRODUCT(E$2:E$55,L$2:L$55)/SUM(L$2:L$56)) -> 1.0840049 | T54: =F54/(SUMPRODUCT(F$2:F$55,M$2:M$55)/SUM(M$2:M$56)) -> 1.0840248 | U54: =G54/(SUMPRODUCT(G$2:G$55,N$2:N$55)/SUM(N$2:N$56)) -> 1.0837561 | V54: =H54/(SUMPRODUCT(H$2:H$55,O$2:O$55)/SUM(O$2:O$56)) -> 1.0840647
A55: 53 | B55: =B2 -> 1.0910062 | C55: =$B$55/AVERAGE($B$3:$B$55) -> 1.0891361 | G55: =$B$55/AVERAGE($B$3:$B$55) -> 1.0891361 | H55: =$B$55/AVERAGE($B$3:$B$55) -> 1.0891361 | J55: 4 | N55: 2 | O55: 3 | Q55: =C55/(SUMPRODUCT(C$2:C$55,J$2:J$55)/SUM(J$2:J$56)) -> 1.0905039 | U55: =G55/(SUMPRODUCT(G$2:G$55,N$2:N$55)/SUM(N$2:N$56)) -> 1.0904639 | V55: =H55/(SUMPRODUCT(H$2:H$55,O$2:O$55)/SUM(O$2:O$56)) -> 1.0907744

Sheet Phi
A1: Week | B1: 2020 | C1: 2021 | D1: 2022 | E1: 2023 | F1: 2024 | G1: 2025
A2: 0 | C2: 1.0906942 | D2: 1.0907142 | E2: 1.0907342
A3: 1 | B3: 1.0972119 | C3: 1.0974033 | D3: 1.0974235 | E3: 1.0974437 | F3: 1.0971717 | G3: 1.097484
A4: 2 | B4: 1.1101462 | C4: 1.1103399 | D4: 1.1103603 | E4: 1.1103807 | F4: 1.1101055 | G4: 1.1104216
A5: 3 | B5: 1.1215441 | C5: 1.1217398 | D5: 1.1217604 | E5: 1.121781 | F5: 1.121503 | G5: 1.1218222
A6: 4 | B6: 1.1307658 | C6: 1.1309631 | D6: 1.1309838 | E6: 1.1310046 | F6: 1.1307243 | G6: 1.1310462
A7: 5 | B7: 1.1373004 | C7: 1.1374988 | D7: 1.1375197 | E7: 1.1375407 | F7: 1.1372587 | G7: 1.1375825
A8: 6 | B8: 1.1407839 | C8: 1.1409829 | D8: 1.1410039 | E8: 1.1410248 | F8: 1.140742 | G8: 1.1410668
A9: 7 | B9: 1.1407813 | C9: 1.1409804 | D9: 1.1410013 | E9: 1.1410223 | F9: 1.1407395 | G9: 1.1410643
A10: 8 | B10: 1.1365362 | C10: 1.1367345 | D10: 1.1367554 | E10: 1.1367763 | F10: 1.1364946 | G10: 1.1368181
A11: 9 | B11: 1.1273175 | C11: 1.1275142 | D11: 1.1275349 | E11: 1.1275557 | F11: 1.1272762 | G11: 1.1275971
A12: 10 | B12: 1.1131209 | C12: 1.1133151 | D12: 1.1133356 | E12: 1.113356 | F12: 1.1130801 | G12: 1.113397
A13: 11 | B13: 1.0946104 | C13: 1.0948014 | D13: 1.0948215 | E13: 1.0948416 | F13: 1.0945703 | G13: 1.0948819
A14: 12 | B14: 1.073277 | C14: 1.0734642 | D14: 1.0734839 | E14: 1.0735037 | F14: 1.0732376 | G14: 1.0735431
... A54: 52 | B54: 1.0837959 | C54: 1.083985 | D54: 1.0840049 | E54: 1.0840248 | F54: 1.0837561 | G54: 1.0840647
A55: 53 | B55: 1.0905039 | F55: 1.0904639 | G55: 1.0907744

Sheet Dagen_per_week
A1: Week | B1: 2020 | C1: 2021 | D1: 2022 | E1: 2023 | F1: 2024 | G1: 2025
A2: 0 | C2: 3 | D2: 2 | E2: 1
A3: =A2+1 -> 1 | B3: 5 | C3: 7 | D3: 7 | E3: 7 | F3: 7 | G3: 5
A4: =A3+1 -> 2 | B4: 7 | C4: 7 | D4: 7 | E4: 7 | F4: 7 | G4: 7
A5: =A4+1 -> 3 | B5: 7 | C5: 7 | D5: 7 | E5: 7 | F5: 7 | G5: 7
A6: =A5+1 -> 4 | B6: 7 | C6: 7 | D6: 7 | E6: 7 | F6: 7 | G6: 7
A7: =A6+1 -> 5 | B7: 7 | C7: 7 | D7: 7 | E7: 7 | F7: 7 | G7: 7
A8: =A7+1 -> 6 | B8: 7 | C8: 7 | D8: 7 | E8: 7 | F8: 7 | G8: 7
A9: =A8+1 -> 7 | B9: 7 | C9: 7 | D9: 7 | E9: 7 | F9: 7 | G9: 7
A10: =A9+1 -> 8 | B10: 7 | C10: 7 | D10: 7 | E10: 7 | F10: 7 | G10: 7
A11: =A10+1 -> 9 | B11: 7 | C11: 7 | D11: 7 | E11: 7 | F11: 7 | G11: 7
A12: =A11+1 -> 10 | B12: 7 | C12: 7 | D12: 7 | E12: 7 | F12: 7 | G12: 7
A13: =A12+1 -> 11 | B13: 7 | C13: 7 | D13: 7 | E13: 7 | F13: 7 | G13: 7
A14: =A13+1 -> 12 | B14: 7 | C14: 7 | D14: 7 | E14: 7 | F14: 7 | G14: 7
... A54: =A53+1 -> 52 | B54: 7 | C54: 5 | D54: 6 | E54: 7 | F54: 7 | G54: 7
A55: =A54+1 -> 53 | B55: 4 | F55: 2 | G55: 3

Sheet Nfrac
A1: Week | B1: 2020 | C1: 2021 | D1: 2022 | E1: 2023 | F1: 2024 | G1: 2025
A2: 0 | C2: =Dagen_per_week!C2/SUM(Dagen_per_week!C$2:C$55) -> 0.0082191781 | D2: =Dagen_per_week!D2/SUM(Dagen_per_week!D$2:D$55) -> 0.0054794521 | E2: =Dagen_per_week!E2/SUM(Dagen_per_week!E$2:E$55) -> 0.002739726
A3: =A2+1 -> 1 | B3: =Dagen_per_week!B3/SUM(Dagen_per_week!B$2:B$55) -> 0.013661202 | C3: =Dagen_per_week!C3/SUM(Dagen_per_week!C$2:C$55) -> 0.019178082 | D3: =Dagen_per_week!D3/SUM(Dagen_per_week!D$2:D$55) -> 0.019178082 | E3: =Dagen_per_week!E3/SUM(Dagen_per_week!E$2:E$55) -> 0.019178082 | F3: =Dagen_per_week!F3/SUM(Dagen_per_week!F$2:F$55) -> 0.019125683 | G3: =Dagen_per_week!G3/SUM(Dagen_per_week!G$2:G$55) -> 0.01369863
A4: =A3+1 -> 2 | B4: =Dagen_per_week!B4/SUM(Dagen_per_week!B$2:B$55) -> 0.019125683 | C4: =Dagen_per_week!C4/SUM(Dagen_per_week!C$2:C$55) -> 0.019178082 | D4: =Dagen_per_week!D4/SUM(Dagen_per_week!D$2:D$55) -> 0.019178082 | E4: =Dagen_per_week!E4/SUM(Dagen_per_week!E$2:E$55) -> 0.019178082 | F4: =Dagen_per_week!F4/SUM(Dagen_per_week!F$2:F$55) -> 0.019125683 | G4: =Dagen_per_week!G4/SUM(Dagen_per_week!G$2:G$55) -> 0.019178082
A5: =A4+1 -> 3 | B5: =Dagen_per_week!B5/SUM(Dagen_per_week!B$2:B$55) -> 0.019125683 | C5: =Dagen_per_week!C5/SUM(Dagen_per_week!C$2:C$55) -> 0.019178082 | D5: =Dagen_per_week!D5/SUM(Dagen_per_week!D$2:D$55) -> 0.019178082 | E5: =Dagen_per_week!E5/SUM(Dagen_per_week!E$2:E$55) -> 0.019178082 | F5: =Dagen_per_week!F5/SUM(Dagen_per_week!F$2:F$55) -> 0.019125683 | G5: =Dagen_per_week!G5/SUM(Dagen_per_week!G$2:G$55) -> 0.019178082
A6: =A5+1 -> 4 | B6: =Dagen_per_week!B6/SUM(Dagen_per_week!B$2:B$55) -> 0.019125683 | C6: =Dagen_per_week!C6/SUM(Dagen_per_week!C$2:C$55) -> 0.019178082 | D6: =Dagen_per_week!D6/SUM(Dagen_per_week!D$2:D$55) -> 0.019178082 | E6: =Dagen_per_week!E6/SUM(Dagen_per_week!E$2:E$55) -> 0.019178082 | F6: =Dagen_per_week!F6/SUM(Dagen_per_week!F$2:F$55) -> 0.019125683 | G6: =Dagen_per_week!G6/SUM(Dagen_per_week!G$2:G$55) -> 0.019178082
A7: =A6+1 -> 5 | B7: =Dagen_per_week!B7/SUM(Dagen_per_week!B$2:B$55) -> 0.019125683 | C7: =Dagen_per_week!C7/SUM(Dagen_per_week!C$2:C$55) -> 0.019178082 | D7: =Dagen_per_week!D7/SUM(Dagen_per_week!D$2:D$55) -> 0.019178082 | E7: =Dagen_per_week!E7/SUM(Dagen_per_week!E$2:E$55) -> 0.019178082 | F7: =Dagen_per_week!F7/SUM(Dagen_per_week!F$2:F$55) -> 0.019125683 | G7: =Dagen_per_week!G7/SUM(Dagen_per_week!G$2:G$55) -> 0.019178082
A8: =A7+1 -> 6 | B8: =Dagen_per_week!B8/SUM(Dagen_per_week!B$2:B$55) -> 0.019125683 | C8: =Dagen_per_week!C8/SUM(Dagen_per_week!C$2:C$55) -> 0.019178082 | D8: =Dagen_per_week!D8/SUM(Dagen_per_week!D$2:D$55) -> 0.019178082 | E8: =Dagen_per_week!E8/SUM(Dagen_per_week!E$2:E$55) -> 0.019178082 | F8: =Dagen_per_week!F8/SUM(Dagen_per_week!F$2:F$55) -> 0.019125683 | G8: =Dagen_per_week!G8/SUM(Dagen_per_week!G$2:G$55) -> 0.019178082
A9: =A8+1 -> 7 | B9: =Dagen_per_week!B9/SUM(Dagen_per_week!B$2:B$55) -> 0.019125683 | C9: =Dagen_per_week!C9/SUM(Dagen_per_week!C$2:C$55) -> 0.019178082 | D9: =Dagen_per_week!D9/SUM(Dagen_per_week!D$2:D$55) -> 0.019178082 | E9: =Dagen_per_week!E9/SUM(Dagen_per_week!E$2:E$55) -> 0.019178082 | F9: =Dagen_per_week!F9/SUM(Dagen_per_week!F$2:F$55) -> 0.019125683 | G9: =Dagen_per_week!G9/SUM(Dagen_per_week!G$2:G$55) -> 0.019178082
A10: =A9+1 -> 8 | B10: =Dagen_per_week!B10/SUM(Dagen_per_week!B$2:B$55) -> 0.019125683 | C10: =Dagen_per_week!C10/SUM(Dagen_per_week!C$2:C$55) -> 0.019178082 | D10: =Dagen_per_week!D10/SUM(Dagen_per_week!D$2:D$55) -> 0.019178082 | E10: =Dagen_per_week!E10/SUM(Dagen_per_week!E$2:E$55) -> 0.019178082 | F10: =Dagen_per_week!F10/SUM(Dagen_per_week!F$2:F$55) -> 0.019125683 | G10: =Dagen_per_week!G10/SUM(Dagen_per_week!G$2:G$55) -> 0.019178082
A11: =A10+1 -> 9 | B11: =Dagen_per_week!B11/SUM(Dagen_per_week!B$2:B$55) -> 0.019125683 | C11: =Dagen_per_week!C11/SUM(Dagen_per_week!C$2:C$55) -> 0.019178082 | D11: =Dagen_per_week!D11/SUM(Dagen_per_week!D$2:D$55) -> 0.019178082 | E11: =Dagen_per_week!E11/SUM(Dagen_per_week!E$2:E$55) -> 0.019178082 | F11: =Dagen_per_week!F11/SUM(Dagen_per_week!F$2:F$55) -> 0.019125683 | G11: =Dagen_per_week!G11/SUM(Dagen_per_week!G$2:G$55) -> 0.019178082
A12: =A11+1 -> 10 | B12: =Dagen_per_week!B12/SUM(Dagen_per_week!B$2:B$55) -> 0.019125683 | C12: =Dagen_per_week!C12/SUM(Dagen_per_week!C$2:C$55) -> 0.019178082 | D12: =Dagen_per_week!D12/SUM(Dagen_per_week!D$2:D$55) -> 0.019178082 | E12: =Dagen_per_week!E12/SUM(Dagen_per_week!E$2:E$55) -> 0.019178082 | F12: =Dagen_per_week!F12/SUM(Dagen_per_week!F$2:F$55) -> 0.019125683 | G12: =Dagen_per_week!G12/SUM(Dagen_per_week!G$2:G$55) -> 0.019178082
A13: =A12+1 -> 11 | B13: =Dagen_per_week!B13/SUM(Dagen_per_week!B$2:B$55) -> 0.019125683 | C13: =Dagen_per_week!C13/SUM(Dagen_per_week!C$2:C$55) -> 0.019178082 | D13: =Dagen_per_week!D13/SUM(Dagen_per_week!D$2:D$55) -> 0.019178082 | E13: =Dagen_per_week!E13/SUM(Dagen_per_week!E$2:E$55) -> 0.019178082 | F13: =Dagen_per_week!F13/SUM(Dagen_per_week!F$2:F$55) -> 0.019125683 | G13: =Dagen_per_week!G13/SUM(Dagen_per_week!G$2:G$55) -> 0.019178082
A14: =A13+1 -> 12 | B14: =Dagen_per_week!B14/SUM(Dagen_per_week!B$2:B$55) -> 0.019125683 | C14: =Dagen_per_week!C14/SUM(Dagen_per_week!C$2:C$55) -> 0.019178082 | D14: =Dagen_per_week!D14/SUM(Dagen_per_week!D$2:D$55) -> 0.019178082 | E14: =Dagen_per_week!E14/SUM(Dagen_per_week!E$2:E$55) -> 0.019178082 | F14: =Dagen_per_week!F14/SUM(Dagen_per_week!F$2:F$55) -> 0.019125683 | G14: =Dagen_per_week!G14/SUM(Dagen_per_week!G$2:G$55) -> 0.019178082
... A54: =A53+1 -> 52 | B54: =Dagen_per_week!B54/SUM(Dagen_per_week!B$2:B$55) -> 0.019125683 | C54: =Dagen_per_week!C54/SUM(Dagen_per_week!C$2:C$55) -> 0.01369863 | D54: =Dagen_per_week!D54/SUM(Dagen_per_week!D$2:D$55) -> 0.016438356 | E54: =Dagen_per_week!E54/SUM(Dagen_per_week!E$2:E$55) -> 0.019178082 | F54: =Dagen_per_week!F54/SUM(Dagen_per_week!F$2:F$55) -> 0.019125683 | G54: =Dagen_per_week!G54/SUM(Dagen_per_week!G$2:G$55) -> 0.019178082
A55: =A54+1 -> 53 | B55: =Dagen_per_week!B55/SUM(Dagen_per_week!B$2:B$55) -> 0.010928962 | F55: =Dagen_per_week!F55/SUM(Dagen_per_week!F$2:F$55) -> 0.0054644809 | G55: =Dagen_per_week!G55/SUM(Dagen_per_week!G$2:G$55) -> 0.0082191781
